row_id,date_hour,sales_per_hour,avg_per_hour,count_of_sales,count_of_items,cost_per_hour
1,"2024-02-05 07:00",424.70,9.036170,47,94,100.34405745
2,"2024-02-05 08:00",355.85,7.571277,47,74,92.14701770
3,"2024-02-05 09:00",224.20,7.473333,30,50,48.76550085
4,"2024-02-05 10:00",178.65,6.160345,29,40,43.55678465
5,"2024-02-05 11:00",369.30,7.241176,51,90,79.79613365
6,"2024-02-05 12:00",413.25,8.433673,49,87,99.34985890
7,"2024-02-05 13:00",159.05,6.915217,23,33,42.22799745
8,"2024-02-05 14:00",159.85,7.265909,22,38,37.43789435
9,"2024-02-06 07:00",396.60,7.776471,51,88,90.99199740
10,"2024-02-06 08:00",318.50,6.635417,48,65,81.77709810
11,"2024-02-06 09:00",244.45,5.684884,43,57,57.92671415
12,"2024-02-06 10:00",245.85,7.682813,32,48,69.20012835
13,"2024-02-06 11:00",400.55,7.557547,53,88,92.62787275
14,"2024-02-06 12:00",472.05,8.281579,57,98,123.57366140
15,"2024-02-06 13:00",274.50,7.625000,36,65,60.89835460
16,"2024-02-06 14:00",308.70,9.646875,32,63,77.15846485
17,"2024-02-07 07:00",481.40,9.439216,51,104,112.02063385
18,"2024-02-07 08:00",413.75,8.443878,49,89,98.87406435
19,"2024-02-07 09:00",251.70,7.191429,35,51,64.96159290
20,"2024-02-07 10:00",284.05,8.354412,34,62,67.43918780
21,"2024-02-07 11:00",448.85,8.800980,51,94,107.14032620
22,"2024-02-07 12:00",331.40,6.628000,50,71,79.49046670
23,"2024-02-07 13:00",185.15,6.612500,28,40,45.97051505
24,"2024-02-07 14:00",223.75,6.992188,32,48,57.96386830
25,"2024-02-08 07:00",491.05,8.050000,61,102,122.39161230
26,"2024-02-08 08:00",539.20,9.138983,59,110,125.70154400
27,"2024-02-08 09:00",451.65,8.855882,51,96,106.18350740
28,"2024-02-08 10:00",293.85,6.996429,42,59,81.13234840
29,"2024-02-08 11:00",495.00,7.983871,62,107,122.16206770
30,"2024-02-08 12:00",466.75,6.482639,72,103,110.61284840
31,"2024-02-08 13:00",344.40,7.653333,45,74,87.76592265
32,"2024-02-08 14:00",331.40,8.285000,40,69,87.99149340
33,"2024-02-09 07:00",403.85,7.918627,51,84,96.28765165
34,"2024-02-09 08:00",380.45,7.764286,49,81,91.14679400
35,"2024-02-09 09:00",269.25,7.479167,36,56,68.88295155
36,"2024-02-09 10:00",387.80,11.080000,35,74,106.09115865
37,"2024-02-09 11:00",447.90,8.294444,54,94,116.36704465
38,"2024-02-09 12:00",358.35,7.313265,49,83,76.53535355
39,"2024-02-09 13:00",185.95,6.641071,28,39,44.92319045
40,"2024-02-09 14:00",181.50,7.562500,24,39,48.94563985
41,"2024-02-10 07:00",394.30,8.389362,47,82,92.44603540
42,"2024-02-10 08:00",368.10,8.002174,46,79,83.71688125
43,"2024-02-10 09:00",242.30,8.076667,30,51,62.26313355
44,"2024-02-10 10:00",191.60,6.842857,28,44,44.37690445
45,"2024-02-10 11:00",343.55,7.157292,48,77,75.56398450
46,"2024-02-10 12:00",381.75,8.122340,47,78,94.10695550
47,"2024-02-10 13:00",209.55,9.110870,23,41,55.13794470
48,"2024-02-10 14:00",166.00,7.217391,23,35,39.21191665
49,"2024-02-12 07:00",459.65,7.790678,59,100,110.99487695
50,"2024-02-12 08:00",435.75,7.644737,57,99,94.25316525
51,"2024-02-12 09:00",485.90,10.338298,47,102,113.43074445
52,"2024-02-12 10:00",388.05,9.024419,43,80,91.54779860
53,"2024-02-12 11:00",498.75,7.673077,65,110,117.17277915
54,"2024-02-12 12:00",526.85,8.232031,64,110,136.92035855
55,"2024-02-12 13:00",282.75,7.068750,40,62,63.94218035
56,"2024-02-12 14:00",225.90,7.287097,31,46,55.82103885
57,"2024-02-13 07:00",337.30,6.883673,49,75,76.76327905
58,"2024-02-13 08:00",449.40,8.170909,55,89,109.03457630
59,"2024-02-13 09:00",309.30,8.591667,36,61,86.40472555
60,"2024-02-13 10:00",232.50,5.812500,40,49,57.41843630
61,"2024-02-13 11:00",472.30,8.285965,57,101,127.28433630
62,"2024-02-13 12:00",435.85,8.223585,53,88,107.12526130
63,"2024-02-13 13:00",317.05,9.607576,33,64,82.87973835
64,"2024-02-13 14:00",185.55,6.872222,27,38,44.12090640
65,"2024-02-14 07:00",485.90,8.676786,56,108,112.61635985
66,"2024-02-14 08:00",356.75,7.280612,49,78,89.65670430
67,"2024-02-14 09:00",331.65,8.727632,38,69,86.56417770
68,"2024-02-14 10:00",315.80,9.022857,35,62,81.73759270
69,"2024-02-14 11:00",353.40,6.929412,51,73,94.28155555
70,"2024-02-14 12:00",386.50,7.578431,51,82,94.77507560
71,"2024-02-14 13:00",153.85,5.698148,27,35,33.93893745
72,"2024-02-14 14:00",196.40,7.014286,28,43,42.87204975
73,"2024-02-15 07:00",447.75,8.140909,55,91,115.06435475
74,"2024-02-15 08:00",504.55,7.883594,64,111,115.02675490
75,"2024-02-15 09:00",377.50,7.550000,50,82,87.71702340
76,"2024-02-15 10:00",300.70,6.536957,46,67,73.80125120
77,"2024-02-15 11:00",499.95,8.195902,61,99,137.55777885
78,"2024-02-15 12:00",513.75,8.027344,64,101,142.97160510
79,"2024-02-15 13:00",334.65,7.436667,45,70,85.50291275
80,"2024-02-15 14:00",304.65,7.430488,41,58,81.80815855
81,"2024-02-16 07:00",344.00,6.745098,51,72,80.20856525
82,"2024-02-16 08:00",460.40,9.395918,49,98,108.62740030
83,"2024-02-16 09:00",226.60,6.866667,33,47,58.11583970
84,"2024-02-16 10:00",238.45,7.691935,31,46,59.97226730
85,"2024-02-16 11:00",452.50,7.938596,57,93,110.98716005
86,"2024-02-16 12:00",431.00,7.836364,55,86,108.07772760
87,"2024-02-16 13:00",240.15,7.504688,32,56,57.38010950
88,"2024-02-16 14:00",189.40,6.764286,28,40,46.74286515
89,"2024-02-17 07:00",336.00,7.148936,47,74,77.15466190
90,"2024-02-17 08:00",372.40,7.923404,47,74,97.07535570
91,"2024-02-17 09:00",267.30,8.910000,30,57,71.04228515
92,"2024-02-17 10:00",199.65,6.884483,29,41,49.11232250
93,"2024-02-17 11:00",336.40,7.157447,47,71,73.29904560
94,"2024-02-17 12:00",383.00,8.511111,45,85,98.11072765
95,"2024-02-17 13:00",176.10,7.337500,24,37,44.71288390
96,"2024-02-17 14:00",169.35,7.363043,23,34,44.23115130
97,"2024-02-19 07:00",563.25,8.534091,66,114,134.99070460
98,"2024-02-19 08:00",455.80,8.440741,54,94,109.90400270
99,"2024-02-19 09:00",383.30,9.348780,41,87,94.39532505
100,"2024-02-19 10:00",446.70,9.306250,48,90,122.56154140
101,"2024-02-19 11:00",529.65,8.407143,63,110,135.18158375
102,"2024-02-19 12:00",514.70,8.301613,62,114,122.57477820
103,"2024-02-19 13:00",285.70,8.402941,34,57,71.84302660
104,"2024-02-19 14:00",301.10,7.720513,39,61,86.15271555
105,"2024-02-20 07:00",312.10,6.502083,48,70,66.49664175
106,"2024-02-20 08:00",443.55,8.871000,50,91,111.26722330
107,"2024-02-20 09:00",295.30,7.571795,39,61,72.75794225
108,"2024-02-20 10:00",297.85,8.510000,35,64,69.05949185
109,"2024-02-20 11:00",324.75,5.599138,58,72,81.07921240
110,"2024-02-20 12:00",465.40,9.125490,51,97,111.22166925
111,"2024-02-20 13:00",247.75,7.742188,32,57,54.89135355
112,"2024-02-20 14:00",238.50,7.693548,31,48,63.84896915
113,"2024-02-21 07:00",446.50,8.754902,51,90,114.28694875
114,"2024-02-21 08:00",421.45,8.780208,48,83,110.01871385
115,"2024-02-21 09:00",285.70,8.162857,35,59,74.32445695
116,"2024-02-21 10:00",258.60,8.081250,32,54,66.56375675
117,"2024-02-21 11:00",473.55,8.610000,55,115,107.69135530
118,"2024-02-21 12:00",480.55,9.066981,53,101,120.08137805
119,"2024-02-21 13:00",266.20,9.859259,27,54,71.17362760
120,"2024-02-21 14:00",270.20,7.947059,34,51,73.91017765
121,"2024-02-22 07:00",414.40,7.023729,59,86,99.08449755
122,"2024-02-22 08:00",540.65,9.010833,60,108,136.98506400
123,"2024-02-22 09:00",414.75,9.016304,46,89,102.75561060
124,"2024-02-22 10:00",396.65,7.777451,51,79,104.16274025
125,"2024-02-22 11:00",498.25,7.908730,63,107,119.51644400
126,"2024-02-22 12:00",444.20,7.403333,60,100,106.54962065
127,"2024-02-22 13:00",341.15,8.320732,41,70,80.74757240
128,"2024-02-22 14:00",285.50,8.157143,35,58,70.30266240
129,"2024-02-23 07:00",374.20,7.795833,48,82,85.49332995
130,"2024-02-23 08:00",367.60,6.683636,55,80,95.06604445
131,"2024-02-23 09:00",289.00,8.500000,34,65,63.79692335
132,"2024-02-23 10:00",355.00,9.102564,39,79,80.00751915
133,"2024-02-23 11:00",395.05,7.182727,55,82,101.32969645
134,"2024-02-23 12:00",410.95,7.753774,53,82,104.46916005
135,"2024-02-23 13:00",196.20,7.546154,26,44,46.47347805
136,"2024-02-23 14:00",233.15,8.326786,28,48,61.29913235
137,"2024-02-24 07:00",378.80,8.417778,45,78,90.70544710
138,"2024-02-24 08:00",392.85,8.928409,44,80,100.47726765
139,"2024-02-24 09:00",223.35,7.445000,30,49,51.08919585
140,"2024-02-24 10:00",227.65,8.130357,28,45,61.76281310
141,"2024-02-24 11:00",331.20,6.900000,48,67,88.72340885
142,"2024-02-24 12:00",404.70,8.797826,46,86,96.51669665
143,"2024-02-24 13:00",165.25,7.184783,23,35,42.17362415
144,"2024-02-24 14:00",204.55,8.893478,23,43,55.45500675
145,"2024-02-26 07:00",521.25,8.273810,63,113,128.40328845
146,"2024-02-26 08:00",479.65,8.565179,56,105,114.94756380
147,"2024-02-26 09:00",317.05,8.129487,39,64,83.07372380
148,"2024-02-26 10:00",282.30,7.428947,38,56,67.42815845
149,"2024-02-26 11:00",481.25,7.762097,62,111,109.96639365
150,"2024-02-26 12:00",425.90,7.343103,58,88,105.59098300
151,"2024-02-26 13:00",228.05,6.334722,36,51,55.60904835
152,"2024-02-26 14:00",282.05,8.058571,35,55,73.12213275
153,"2024-02-27 07:00",509.75,9.617925,53,110,124.78984330
154,"2024-02-27 08:00",424.70,7.721818,55,86,108.47315440
155,"2024-02-27 09:00",360.65,9.247436,39,73,95.31624810
156,"2024-02-27 10:00",309.55,8.366216,37,69,66.75791985
157,"2024-02-27 11:00",424.55,7.862037,54,88,105.02842350
158,"2024-02-27 12:00",455.45,8.133036,56,96,113.91904335
159,"2024-02-27 13:00",250.25,7.820313,32,48,66.76831800
160,"2024-02-27 14:00",274.60,8.581250,32,60,73.62616050
161,"2024-02-28 07:00",368.95,7.529592,49,76,91.84354180
162,"2024-02-28 08:00",394.30,7.731373,51,82,97.65567460
163,"2024-02-28 09:00",304.20,7.800000,39,67,69.59325720
164,"2024-02-28 10:00",269.05,7.473611,36,62,65.66418095
165,"2024-02-28 11:00",495.80,8.127869,61,103,126.53431255
166,"2024-02-28 12:00",437.70,7.958182,55,91,116.66832175
167,"2024-02-28 13:00",214.20,6.909677,31,50,46.42560510
168,"2024-02-28 14:00",300.45,9.691935,31,61,74.66476240
169,"2024-02-29 07:00",438.30,7.556897,58,95,105.24822795
170,"2024-02-29 08:00",533.30,9.038983,59,100,141.29453815
171,"2024-02-29 09:00",504.40,8.406667,60,99,137.20859320
172,"2024-02-29 10:00",420.60,8.412000,50,87,105.72064390
173,"2024-02-29 11:00",557.90,8.453030,66,114,134.23104785
174,"2024-02-29 12:00",458.75,7.645833,60,98,107.77514880
175,"2024-02-29 13:00",327.25,7.981707,41,76,70.97851305
176,"2024-02-29 14:00",311.25,8.190789,38,64,80.12449780
177,"2024-03-01 07:00",370.00,7.400000,50,74,104.24201285
178,"2024-03-01 08:00",378.55,7.422549,51,82,84.26757425
179,"2024-03-01 09:00",284.65,7.693243,37,63,65.01896810
180,"2024-03-01 10:00",284.75,8.628788,33,59,76.56993000
181,"2024-03-01 11:00",469.00,9.571429,49,99,115.70985230
182,"2024-03-01 12:00",394.50,8.218750,48,80,104.15461315
183,"2024-03-01 13:00",262.25,8.459677,31,59,61.08786650
184,"2024-03-01 14:00",267.30,8.622581,31,53,68.07585560
185,"2024-03-02 07:00",349.70,7.440426,47,68,91.15898265
186,"2024-03-02 08:00",333.95,7.259783,46,67,82.59229930
187,"2024-03-02 09:00",283.25,9.137097,31,56,68.91535100
188,"2024-03-02 10:00",208.30,7.182759,29,41,55.25509795
189,"2024-03-02 11:00",389.10,8.646667,45,83,95.55812575
190,"2024-03-02 12:00",406.00,9.227273,44,88,99.76695150
191,"2024-03-02 13:00",180.30,8.195455,22,35,48.39024575
192,"2024-03-02 14:00",149.55,7.121429,21,28,39.83491965
193,"2024-03-04 07:00",463.85,8.137719,57,102,112.59606000
194,"2024-03-04 08:00",420.00,7.118644,59,84,111.15123570
195,"2024-03-04 09:00",252.75,6.318750,40,54,60.19936295
196,"2024-03-04 10:00",454.45,8.910784,51,92,117.04065680
197,"2024-03-04 11:00",555.35,9.104098,61,118,145.79047655
198,"2024-03-04 12:00",511.25,8.245968,62,108,122.54663580
199,"2024-03-04 13:00",235.80,6.550000,36,47,58.54183115
200,"2024-03-04 14:00",235.00,6.911765,34,49,63.89955090
201,"2024-03-05 07:00",360.65,6.804717,53,73,85.44620200
202,"2024-03-05 08:00",387.90,7.605882,51,82,94.59531480
203,"2024-03-05 09:00",399.50,10.243590,39,87,99.16393395
204,"2024-03-05 10:00",269.50,8.421875,32,59,70.25159900
205,"2024-03-05 11:00",469.30,8.233333,57,105,104.25388050
206,"2024-03-05 12:00",419.60,7.361404,57,82,106.73784645
207,"2024-03-05 13:00",242.40,7.819355,31,52,60.76565990
208,"2024-03-05 14:00",234.30,7.810000,30,48,63.10991655
209,"2024-03-06 07:00",435.65,8.890816,49,94,105.24309880
210,"2024-03-06 08:00",438.55,8.274528,53,94,107.07797150
211,"2024-03-06 09:00",318.35,8.162821,39,68,77.04426275
212,"2024-03-06 10:00",286.80,7.751351,37,56,69.42824115
213,"2024-03-06 11:00",409.05,7.437273,55,88,105.38245580
214,"2024-03-06 12:00",439.50,7.990909,55,94,111.20231060
215,"2024-03-06 13:00",228.65,7.375806,31,50,55.24421120
216,"2024-03-06 14:00",244.55,8.151667,30,51,58.82450630
217,"2024-03-07 07:00",537.70,7.792754,69,114,125.82377130
218,"2024-03-07 08:00",480.05,8.276724,58,96,127.13526485
219,"2024-03-07 09:00",397.40,7.948000,50,88,92.47786760
220,"2024-03-07 10:00",377.65,7.262500,52,80,90.95171990
221,"2024-03-07 11:00",508.85,7.950781,64,113,121.34676570
222,"2024-03-07 12:00",448.05,7.226613,62,93,112.56436600
223,"2024-03-07 13:00",270.20,6.590244,41,61,64.90808165
224,"2024-03-07 14:00",185.05,5.607576,33,44,37.78934765
225,"2024-03-08 07:00",391.00,7.666667,51,83,97.28138415
226,"2024-03-08 08:00",395.35,7.602885,52,77,102.15306590
227,"2024-03-08 09:00",289.70,7.829730,37,61,71.11150095
228,"2024-03-08 10:00",260.00,7.647059,34,57,60.66988685
229,"2024-03-08 11:00",397.10,7.353704,54,83,101.78276365
230,"2024-03-08 12:00",415.70,7.292982,57,85,97.02245445
231,"2024-03-08 13:00",196.25,6.767241,29,43,46.20046080
232,"2024-03-08 14:00",251.80,8.122581,31,54,67.48357410
233,"2024-03-09 07:00",286.95,6.376667,45,63,67.03337415
234,"2024-03-09 08:00",395.50,8.988636,44,80,97.63686945
235,"2024-03-09 09:00",299.75,9.367188,32,59,80.24051125
236,"2024-03-09 10:00",271.30,8.751613,31,59,64.41343755
237,"2024-03-09 11:00",403.70,7.915686,51,88,90.23947255
238,"2024-03-09 12:00",410.55,8.211000,50,93,94.14311095
239,"2024-03-09 13:00",163.55,6.814583,24,40,31.15893520
240,"2024-03-09 14:00",150.15,6.528261,23,36,32.59865095
241,"2024-03-11 07:00",448.00,7.466667,60,101,105.73813845
242,"2024-03-11 08:00",484.95,8.817273,55,101,118.14950155
243,"2024-03-11 09:00",385.20,7.704000,50,87,90.54937835
244,"2024-03-11 10:00",351.40,8.172093,43,70,93.23058845
245,"2024-03-11 11:00",574.35,9.734746,59,127,135.60237420
246,"2024-03-11 12:00",479.95,7.741129,62,98,122.97349915
247,"2024-03-11 13:00",328.15,9.115278,36,73,77.89915010
248,"2024-03-11 14:00",290.40,7.848649,37,65,70.98704620
249,"2024-03-12 07:00",447.15,8.436792,53,98,103.29690965
250,"2024-03-12 08:00",496.15,9.020909,55,105,125.41383445
251,"2024-03-12 09:00",236.15,6.055128,39,54,54.29801185
252,"2024-03-12 10:00",263.75,6.762821,39,55,70.24123015
253,"2024-03-12 11:00",450.70,7.770690,58,93,119.02213540
254,"2024-03-12 12:00",389.85,6.961607,56,88,97.95328855
255,"2024-03-12 13:00",190.10,7.040741,27,34,53.03730060
256,"2024-03-12 14:00",282.95,9.756897,29,56,77.93853725
257,"2024-03-13 07:00",433.60,8.181132,53,95,104.25303455
258,"2024-03-13 08:00",334.00,7.106383,47,73,73.96739120
259,"2024-03-13 09:00",331.05,8.488462,39,73,73.57499915
260,"2024-03-13 10:00",287.75,7.777027,37,60,71.75124330
261,"2024-03-13 11:00",458.95,8.499074,54,93,110.02991005
262,"2024-03-13 12:00",367.45,7.349000,50,80,92.39935665
263,"2024-03-13 13:00",234.35,7.323438,32,48,54.92593875
264,"2024-03-13 14:00",244.85,7.419697,33,47,64.90045445
265,"2024-03-14 07:00",591.25,9.096154,65,127,149.46133895
266,"2024-03-14 08:00",438.35,7.186066,61,92,103.92726420
267,"2024-03-14 09:00",289.10,7.051220,41,67,64.29457830
268,"2024-03-14 10:00",381.30,7.943750,48,76,102.65634575
269,"2024-03-14 11:00",456.60,7.610000,60,100,109.77779585
270,"2024-03-14 12:00",531.50,9.163793,58,108,131.35463100
271,"2024-03-14 13:00",371.85,7.746875,48,78,96.94006225
272,"2024-03-14 14:00",260.25,7.033784,37,55,71.81559890
273,"2024-03-15 07:00",361.10,7.522917,48,77,90.08755165
274,"2024-03-15 08:00",387.25,7.593137,51,81,97.48098485
275,"2024-03-15 09:00",282.00,7.621622,37,59,71.99600810
276,"2024-03-15 10:00",271.85,7.347297,37,58,65.72853505
277,"2024-03-15 11:00",504.20,9.513208,53,98,138.50865690
278,"2024-03-15 12:00",433.45,8.026852,54,90,113.17758085
279,"2024-03-15 13:00",227.95,7.598333,30,49,52.30741295
280,"2024-03-15 14:00",211.10,7.539286,28,45,48.69742430
281,"2024-03-16 07:00",432.30,9.397826,46,95,102.63458665
282,"2024-03-16 08:00",378.85,8.235870,46,80,92.99432075
283,"2024-03-16 09:00",256.95,8.565000,30,47,72.35353355
284,"2024-03-16 10:00",197.80,7.064286,28,36,49.85465865
285,"2024-03-16 11:00",414.15,8.452041,49,82,106.16963700
286,"2024-03-16 12:00",393.20,8.365957,47,78,98.35946095
287,"2024-03-16 13:00",182.15,7.286000,25,35,47.70178490
288,"2024-03-16 14:00",177.15,7.086000,25,39,40.00390935
289,"2024-03-18 07:00",470.15,7.707377,61,101,115.14848365
290,"2024-03-18 08:00",454.75,7.579167,60,99,114.67684690
291,"2024-03-18 09:00",320.90,7.640476,42,66,83.94369235
292,"2024-03-18 10:00",268.05,6.873077,39,55,65.61510090
293,"2024-03-18 11:00",423.55,7.059167,60,95,107.38984900
294,"2024-03-18 12:00",559.55,8.881746,63,113,146.22086610
295,"2024-03-18 13:00",352.85,8.821250,40,68,88.58439555
296,"2024-03-18 14:00",332.70,7.921429,42,74,76.32636250
297,"2024-03-19 07:00",458.50,8.336364,55,97,113.99975180
298,"2024-03-19 08:00",487.20,8.858182,55,102,115.05391345
299,"2024-03-19 09:00",188.10,6.067742,31,42,45.76614940
300,"2024-03-19 10:00",290.35,7.847297,37,64,67.57406670
301,"2024-03-19 11:00",533.55,8.892500,60,114,129.20824245
302,"2024-03-19 12:00",480.45,8.735455,55,97,132.51635955
303,"2024-03-19 13:00",263.10,9.072414,29,53,63.52082720
304,"2024-03-19 14:00",245.95,7.933871,31,46,68.87449730
305,"2024-03-20 07:00",450.00,9.183673,49,88,116.34315005
306,"2024-03-20 08:00",409.15,7.306250,56,91,91.80740650
307,"2024-03-20 09:00",266.20,8.318750,32,57,65.96161955
308,"2024-03-20 10:00",314.95,8.748611,36,66,74.59279740
309,"2024-03-20 11:00",477.90,7.965000,60,100,114.92656550
310,"2024-03-20 12:00",468.15,8.511818,55,94,121.67732030
311,"2024-03-20 13:00",231.50,8.267857,28,45,61.21428470
312,"2024-03-20 14:00",284.85,8.901563,32,60,63.30517675
313,"2024-03-21 07:00",440.40,7.340000,60,89,109.39373635
314,"2024-03-21 08:00",484.20,7.226866,67,98,121.56724175
315,"2024-03-21 09:00",326.70,7.260000,45,70,81.91469295
316,"2024-03-21 10:00",375.15,7.656122,49,82,88.96164090
317,"2024-03-21 11:00",533.85,8.088636,66,110,133.87524015
318,"2024-03-21 12:00",479.65,7.158955,67,107,112.02390490
319,"2024-03-21 13:00",310.75,7.768750,40,63,77.73677290
320,"2024-03-21 14:00",386.25,10.729167,36,78,95.86074585
321,"2024-03-22 07:00",425.15,8.676531,49,95,98.75849550
322,"2024-03-22 08:00",417.50,7.455357,56,87,103.94603900
323,"2024-03-22 09:00",256.35,7.120833,36,52,56.69982185
324,"2024-03-22 10:00",344.00,9.555556,36,65,96.15231420
325,"2024-03-22 11:00",419.65,7.112712,59,94,106.46447795
326,"2024-03-22 12:00",475.65,8.974528,53,94,123.54230550
327,"2024-03-22 13:00",274.10,9.451724,29,52,69.47236275
328,"2024-03-22 14:00",275.35,8.882258,31,62,61.36175065
329,"2024-03-23 07:00",392.10,8.523913,46,83,102.33805855
330,"2024-03-23 08:00",329.00,7.152174,46,66,80.75525735
331,"2024-03-23 09:00",240.20,7.748387,31,50,56.90578660
332,"2024-03-23 10:00",189.40,6.531034,29,41,42.20093820
333,"2024-03-23 11:00",340.00,7.391304,46,77,83.72891730
334,"2024-03-23 12:00",309.90,6.886667,45,69,67.95314345
335,"2024-03-23 13:00",166.40,6.933333,24,35,41.00566420
336,"2024-03-23 14:00",191.40,7.975000,24,39,47.91685170
337,"2024-03-25 07:00",438.40,8.118519,54,92,116.76489880
338,"2024-03-25 08:00",522.45,7.915909,66,113,119.17766505
339,"2024-03-25 09:00",336.55,7.648864,44,74,76.73956820
340,"2024-03-25 10:00",356.10,8.093182,44,73,87.56371545
341,"2024-03-25 11:00",465.45,7.888983,59,92,127.62012285
342,"2024-03-25 12:00",548.75,9.461207,58,113,132.18449145
343,"2024-03-25 13:00",235.15,6.916176,34,53,56.63470025
344,"2024-03-25 14:00",310.00,9.393939,33,60,78.41845815
345,"2024-03-26 07:00",388.10,7.609804,51,79,99.67738605
346,"2024-03-26 08:00",427.95,8.391176,51,89,105.66354380
347,"2024-03-26 09:00",318.45,8.606757,37,70,70.35848570
348,"2024-03-26 10:00",256.00,8.000000,32,56,57.50420560
349,"2024-03-26 11:00",460.25,8.683962,53,100,116.86575965
350,"2024-03-26 12:00",459.30,9.005882,51,88,115.83073810
351,"2024-03-26 13:00",279.50,9.016129,31,61,63.20609530
352,"2024-03-26 14:00",264.15,9.108621,29,48,70.27022990
353,"2024-03-27 07:00",418.45,8.204902,51,90,104.99267565
354,"2024-03-27 08:00",409.90,7.452727,55,83,105.34496100
355,"2024-03-27 09:00",270.15,7.109211,38,65,58.83520365
356,"2024-03-27 10:00",319.15,8.865278,36,63,81.97263140
357,"2024-03-27 11:00",451.45,8.360185,54,94,110.94455145
358,"2024-03-27 12:00",416.20,7.852830,53,89,103.80297935
359,"2024-03-27 13:00",192.85,7.142593,27,38,51.63594100
360,"2024-03-27 14:00",222.75,7.955357,28,48,55.47702755
361,"2024-03-28 07:00",424.90,7.587500,56,85,103.93978070
362,"2024-03-28 08:00",638.20,9.971875,64,134,160.20869095
363,"2024-03-28 09:00",378.15,7.414706,51,86,87.02469290
364,"2024-03-28 10:00",368.50,8.773810,42,75,93.06009640
365,"2024-03-28 11:00",419.75,6.995833,60,94,100.24023610
366,"2024-03-28 12:00",569.80,9.496667,60,118,147.36373945
367,"2024-03-28 13:00",334.40,7.431111,45,69,83.89933050
368,"2024-03-28 14:00",281.85,7.046250,40,61,69.78782000
369,"2024-03-29 07:00",408.65,7.858654,52,83,102.22704295
370,"2024-03-29 08:00",444.25,8.382075,53,95,117.09850400
371,"2024-03-29 09:00",299.65,7.491250,40,61,77.14010295
372,"2024-03-29 10:00",283.10,8.088571,35,63,65.35632940
373,"2024-03-29 11:00",379.40,7.158491,53,82,95.06909185
374,"2024-03-29 12:00",418.10,8.198039,51,84,106.23869795
375,"2024-03-29 13:00",190.60,7.330769,26,44,44.05615490
376,"2024-03-29 14:00",217.05,8.682000,25,47,54.88962245
377,"2024-03-30 07:00",443.10,9.846667,45,99,99.07682280
378,"2024-03-30 08:00",352.15,7.825556,45,78,87.03283800
379,"2024-03-30 09:00",248.20,7.521212,33,52,55.89654930
380,"2024-03-30 10:00",275.20,8.877419,31,60,68.18388345
381,"2024-03-30 11:00",362.55,7.713830,47,77,86.57776315
382,"2024-03-30 12:00",334.25,7.266304,46,72,81.37561830
383,"2024-03-30 13:00",201.70,7.757692,26,45,49.28610015
384,"2024-03-30 14:00",224.20,8.623077,26,49,57.98350115
385,"2024-04-01 07:00",532.80,7.952239,67,108,134.05617560
386,"2024-04-01 08:00",493.30,8.361017,59,106,113.68297510
387,"2024-04-01 09:00",291.75,7.480769,39,61,73.28138630
388,"2024-04-01 10:00",394.85,8.401064,47,80,100.30451350
389,"2024-04-01 11:00",487.65,8.555263,57,110,108.69145525
390,"2024-04-01 12:00",461.85,7.697500,60,104,104.78496350
391,"2024-04-01 13:00",247.05,8.235000,30,50,60.30817485
392,"2024-04-01 14:00",259.75,7.215278,36,58,57.43200680
393,"2024-04-02 07:00",364.30,7.143137,51,81,85.23781160
394,"2024-04-02 08:00",446.05,8.577885,52,95,103.73788945
395,"2024-04-02 09:00",283.35,8.333824,34,58,72.17118170
396,"2024-04-02 10:00",365.00,8.902439,41,72,93.07731905
397,"2024-04-02 11:00",492.90,9.127778,54,107,121.02613335
398,"2024-04-02 12:00",380.55,7.766327,49,81,92.80026070
399,"2024-04-02 13:00",264.05,8.801667,30,54,69.00446915
400,"2024-04-02 14:00",240.95,7.301515,33,61,52.54506295
401,"2024-04-03 07:00",323.35,6.467000,50,83,69.62176105
402,"2024-04-03 08:00",396.05,7.334259,54,85,95.22482805
403,"2024-04-03 09:00",260.85,7.672059,34,50,64.22435680
404,"2024-04-03 10:00",217.50,7.016129,31,44,51.31874060
405,"2024-04-03 11:00",488.05,9.037963,54,103,114.18084835
406,"2024-04-03 12:00",478.40,8.698182,55,100,115.83909150
407,"2024-04-03 13:00",211.80,6.832258,31,43,61.13466730
408,"2024-04-03 14:00",170.80,6.832000,25,40,42.13848570
409,"2024-04-04 07:00",527.75,8.376984,63,101,147.06643495
410,"2024-04-04 08:00",415.90,6.931667,60,90,97.58867070
411,"2024-04-04 09:00",356.10,7.913333,45,77,93.03989020
412,"2024-04-04 10:00",356.45,7.426042,48,76,91.20653820
413,"2024-04-04 11:00",555.65,8.052899,69,118,142.89066335
414,"2024-04-04 12:00",476.80,8.514286,56,101,123.08723685
415,"2024-04-04 13:00",363.65,7.905435,46,81,88.64315115
416,"2024-04-04 14:00",352.65,8.601220,41,70,87.92642370
417,"2024-04-05 07:00",391.05,7.667647,51,82,96.93294180
418,"2024-04-05 08:00",402.10,8.042000,50,88,98.01989820
419,"2024-04-05 09:00",371.60,9.528205,39,75,89.27909810
420,"2024-04-05 10:00",215.75,6.959677,31,47,53.45781500
421,"2024-04-05 11:00",351.40,6.630189,53,76,79.57801240
422,"2024-04-05 12:00",468.50,9.009615,52,97,112.48712405
423,"2024-04-05 13:00",267.50,8.359375,32,56,66.19592780
424,"2024-04-05 14:00",207.00,6.900000,30,45,44.09066500
425,"2024-04-06 07:00",359.40,7.986667,45,80,78.85622315
426,"2024-04-06 08:00",372.20,8.459091,44,75,98.54622435
427,"2024-04-06 09:00",259.10,8.096875,32,57,60.87740915
428,"2024-04-06 10:00",248.85,8.295000,30,53,58.74114490
429,"2024-04-06 11:00",420.45,8.580612,49,84,106.60408710
430,"2024-04-06 12:00",385.15,8.023958,48,87,88.05022575
431,"2024-04-06 13:00",271.85,11.819565,23,51,73.68623530
432,"2024-04-06 14:00",209.00,9.500000,22,42,59.36990160
433,"2024-04-08 07:00",423.10,6.824194,62,87,102.06347460
434,"2024-04-08 08:00",537.30,9.426316,57,114,131.01638635
435,"2024-04-08 09:00",330.25,7.863095,42,66,89.59679000
436,"2024-04-08 10:00",313.75,6.972222,45,66,75.82936250
437,"2024-04-08 11:00",548.50,8.991803,61,116,131.90365085
438,"2024-04-08 12:00",451.45,7.165873,63,93,113.00910080
439,"2024-04-08 13:00",302.75,8.182432,37,59,80.09861550
440,"2024-04-08 14:00",223.25,6.378571,35,47,53.09894190
441,"2024-04-09 07:00",432.10,8.001852,54,86,112.33197075
442,"2024-04-09 08:00",356.25,7.421875,48,77,91.54647750
443,"2024-04-09 09:00",321.70,7.846341,41,70,74.68871810
444,"2024-04-09 10:00",323.20,8.505263,38,70,78.43427215
445,"2024-04-09 11:00",430.55,8.279808,52,95,107.16952915
446,"2024-04-09 12:00",341.70,7.428261,46,69,86.53211180
447,"2024-04-09 13:00",248.65,9.209259,27,50,64.30808635
448,"2024-04-09 14:00",271.00,8.468750,32,55,76.10056850
449,"2024-04-10 07:00",358.70,7.174000,50,77,89.03947415
450,"2024-04-10 08:00",427.95,8.391176,51,93,97.45067930
451,"2024-04-10 09:00",261.30,8.165625,32,60,61.13120145
452,"2024-04-10 10:00",327.75,9.639706,34,69,77.38072050
453,"2024-04-10 11:00",396.10,8.083673,49,86,100.45202130
454,"2024-04-10 12:00",355.75,7.569149,47,77,83.44084215
455,"2024-04-10 13:00",218.05,7.033871,31,48,53.55098695
456,"2024-04-10 14:00",242.05,8.346552,29,45,65.11179275
457,"2024-04-11 07:00",508.50,7.264286,70,107,125.17267885
458,"2024-04-11 08:00",541.85,7.631690,71,115,136.63599360
459,"2024-04-11 09:00",311.55,6.923333,45,66,69.70351195
460,"2024-04-11 10:00",334.40,7.600000,44,78,75.46294090
461,"2024-04-11 11:00",464.35,7.870339,59,97,110.66325420
462,"2024-04-11 12:00",435.90,7.388136,59,91,112.77242750
463,"2024-04-11 13:00",343.70,8.382927,41,76,76.46558580
464,"2024-04-11 14:00",318.30,8.841667,36,64,86.86876325
465,"2024-04-12 07:00",455.25,9.484375,48,92,117.57777035
466,"2024-04-12 08:00",485.85,8.997222,54,97,131.82189940
467,"2024-04-12 09:00",226.55,6.293056,36,48,58.86296320
468,"2024-04-12 10:00",250.30,6.586842,38,62,60.05554025
469,"2024-04-12 11:00",409.40,8.027451,51,87,100.34340045
470,"2024-04-12 12:00",324.50,6.904255,47,71,74.26077555
471,"2024-04-12 13:00",222.30,7.410000,30,48,55.08153000
472,"2024-04-12 14:00",206.55,7.122414,29,44,46.93335945
473,"2024-04-13 07:00",325.30,7.071739,46,70,80.57146670
474,"2024-04-13 08:00",319.15,7.092222,45,67,77.42869560
475,"2024-04-13 09:00",238.75,7.958333,30,54,59.98251090
476,"2024-04-13 10:00",247.50,8.534483,29,55,57.87403690
477,"2024-04-13 11:00",343.50,7.156250,48,72,88.36496800
478,"2024-04-13 12:00",391.10,8.321277,47,81,101.11608770
479,"2024-04-13 13:00",154.90,6.196000,25,38,37.84134330
480,"2024-04-13 14:00",224.05,8.962000,25,46,54.18893235
481,"2024-04-15 07:00",381.35,6.809821,56,79,102.81582815
482,"2024-04-15 08:00",465.90,7.896610,59,103,109.15317830
483,"2024-04-15 09:00",346.00,8.238095,42,68,93.63274910
484,"2024-04-15 10:00",395.15,10.398684,38,83,91.85682995
485,"2024-04-15 11:00",451.60,7.654237,59,94,114.29671495
486,"2024-04-15 12:00",531.80,8.181538,65,120,127.89375885
487,"2024-04-15 13:00",353.90,7.864444,45,76,82.64649650
488,"2024-04-15 14:00",299.80,7.687179,39,65,68.96063590
489,"2024-04-16 07:00",425.10,8.020755,53,84,112.10848635
490,"2024-04-16 08:00",454.40,8.738462,52,95,107.24804550
491,"2024-04-16 09:00",210.65,6.195588,34,50,51.93525770
492,"2024-04-16 10:00",246.15,7.032857,35,51,60.04741475
493,"2024-04-16 11:00",367.75,7.355000,50,80,92.10720095
494,"2024-04-16 12:00",335.95,6.856122,49,74,80.41453730
495,"2024-04-16 13:00",237.90,7.674194,31,49,64.44239335
496,"2024-04-16 14:00",217.45,7.248333,30,45,50.75884800
497,"2024-04-17 07:00",391.15,7.243519,54,83,89.89264470
498,"2024-04-17 08:00",422.85,7.688182,55,95,100.79935925
499,"2024-04-17 09:00",273.45,7.011538,39,62,62.40653015
500,"2024-04-17 10:00",263.40,7.316667,36,57,65.96734215
501,"2024-04-17 11:00",392.75,7.140909,55,88,83.24199300
502,"2024-04-17 12:00",390.00,7.800000,50,77,98.45382340
503,"2024-04-17 13:00",226.70,8.096429,28,47,62.65948900
504,"2024-04-17 14:00",225.60,7.277419,31,47,57.93418585
505,"2024-04-18 07:00",399.10,5.956716,67,87,91.90821675
506,"2024-04-18 08:00",465.90,7.896610,59,95,117.31188395
507,"2024-04-18 09:00",363.30,7.897826,46,76,86.19683635
508,"2024-04-18 10:00",399.75,9.085227,44,74,110.12870735
509,"2024-04-18 11:00",469.40,8.382143,56,99,108.65506480
510,"2024-04-18 12:00",536.95,8.660484,62,113,135.27029440
511,"2024-04-18 13:00",281.15,7.028750,40,58,79.59219695
512,"2024-04-18 14:00",347.40,7.552174,46,73,89.85671775
513,"2024-04-19 07:00",487.95,9.383654,52,102,119.03547690
514,"2024-04-19 08:00",405.30,7.647170,53,87,91.63936420
515,"2024-04-19 09:00",246.35,8.211667,30,48,62.41477370
516,"2024-04-19 10:00",297.80,8.508571,35,64,68.43807520
517,"2024-04-19 11:00",461.45,8.706604,53,100,107.62266715
518,"2024-04-19 12:00",384.35,6.988182,55,88,92.38453590
519,"2024-04-19 13:00",259.35,8.645000,30,53,62.70223230
520,"2024-04-19 14:00",235.80,7.145455,33,49,60.29960855
521,"2024-04-20 07:00",360.15,8.003333,45,76,86.08264135
522,"2024-04-20 08:00",349.60,7.768889,45,68,93.50567945
523,"2024-04-20 09:00",267.45,8.627419,31,53,66.78605210
524,"2024-04-20 10:00",197.10,6.796552,29,43,41.32224735
525,"2024-04-20 11:00",409.55,8.030392,51,91,98.18903555
526,"2024-04-20 12:00",367.75,7.355000,50,81,82.58482885
527,"2024-04-20 13:00",273.80,10.530769,26,61,69.26615360
528,"2024-04-20 14:00",161.80,6.223077,26,37,38.41366665
529,"2024-04-22 07:00",436.85,7.404237,59,92,117.50458300
530,"2024-04-22 08:00",426.45,8.200962,52,89,104.67871035
531,"2024-04-22 09:00",442.30,9.615217,46,94,109.01089650
532,"2024-04-22 10:00",371.80,9.295000,40,81,92.31496495
533,"2024-04-22 11:00",479.65,8.269828,58,97,121.73982445
534,"2024-04-22 12:00",478.25,7.970833,60,100,128.78186495
535,"2024-04-22 13:00",276.10,7.462162,37,57,68.22757945
536,"2024-04-22 14:00",237.75,6.604167,36,54,61.52483365
537,"2024-04-23 07:00",401.15,8.357292,48,87,97.00721120
538,"2024-04-23 08:00",379.10,7.290385,52,87,84.48476240
539,"2024-04-23 09:00",282.40,6.418182,44,60,61.39196310
540,"2024-04-23 10:00",258.05,8.324194,31,56,60.47346155
541,"2024-04-23 11:00",449.50,8.813725,51,99,103.83114260
542,"2024-04-23 12:00",295.70,6.034694,49,63,73.97489040
543,"2024-04-23 13:00",206.45,6.881667,30,44,49.47996060
544,"2024-04-23 14:00",316.50,9.590909,33,65,80.78551145
545,"2024-04-24 07:00",430.50,7.972222,54,88,107.89850130
546,"2024-04-24 08:00",360.30,7.064706,51,76,101.08664935
547,"2024-04-24 09:00",292.60,7.908108,37,62,77.72508055
548,"2024-04-24 10:00",317.65,8.585135,37,64,83.82635405
549,"2024-04-24 11:00",463.65,8.134211,57,96,110.68645625
550,"2024-04-24 12:00",403.65,7.475000,54,85,105.61842690
551,"2024-04-24 13:00",229.20,8.488889,27,46,60.32826955
552,"2024-04-24 14:00",206.70,7.655556,27,44,52.84322010
553,"2024-04-25 07:00",518.85,8.505738,61,110,124.44772270
554,"2024-04-25 08:00",482.35,7.779839,62,103,123.20692300
555,"2024-04-25 09:00",419.50,9.322222,45,79,116.96732135
556,"2024-04-25 10:00",404.55,8.428125,48,92,87.14012340
557,"2024-04-25 11:00",472.25,8.910377,53,99,124.04444040
558,"2024-04-25 12:00",455.60,7.231746,63,92,116.64030815
559,"2024-04-25 13:00",306.95,9.301515,33,62,78.21597065
560,"2024-04-25 14:00",364.85,8.686905,42,73,89.26229200
561,"2024-04-26 07:00",426.85,7.904630,54,92,100.90844845
562,"2024-04-26 08:00",402.15,7.733654,52,82,106.21376420
563,"2024-04-26 09:00",329.05,9.971212,33,72,72.67652160
564,"2024-04-26 10:00",301.25,8.368056,36,69,70.79328445
565,"2024-04-26 11:00",421.00,7.943396,53,87,101.64290535
566,"2024-04-26 12:00",412.35,8.415306,49,86,106.70716330
567,"2024-04-26 13:00",256.45,8.843103,29,57,64.56255470
568,"2024-04-26 14:00",220.75,8.490385,26,45,56.06319245
569,"2024-04-27 07:00",368.35,8.007609,46,80,85.50140895
570,"2024-04-27 08:00",320.85,7.130000,45,65,78.15538480
571,"2024-04-27 09:00",269.90,8.434375,32,53,64.23007015
572,"2024-04-27 10:00",241.25,7.782258,31,48,56.88718650
573,"2024-04-27 11:00",332.40,7.072340,47,67,83.28731580
574,"2024-04-27 12:00",350.95,7.798889,45,70,97.77767505
575,"2024-04-27 13:00",251.85,10.074000,25,48,72.46097675
576,"2024-04-27 14:00",178.65,7.146000,25,39,45.97513010
577,"2024-04-29 07:00",437.35,7.169672,61,90,116.18812785
578,"2024-04-29 08:00",414.45,6.578571,63,94,94.60638385
579,"2024-04-29 09:00",404.80,9.200000,44,86,102.40968865
580,"2024-04-29 10:00",359.65,8.771951,41,72,88.54445445
581,"2024-04-29 11:00",417.55,7.199138,58,94,97.91006115
582,"2024-04-29 12:00",424.00,7.851852,54,95,102.17333375
583,"2024-04-29 13:00",242.30,7.126471,34,58,52.01986535
584,"2024-04-29 14:00",249.80,7.569697,33,56,53.30829000
585,"2024-04-30 07:00",454.10,9.082000,50,94,113.57647470
586,"2024-04-30 08:00",394.10,7.578846,52,85,90.37461495
587,"2024-04-30 09:00",258.15,7.170833,36,55,64.64186495
588,"2024-04-30 10:00",325.05,7.739286,42,69,74.93005305
589,"2024-04-30 11:00",494.90,8.532759,58,106,125.66294800
590,"2024-04-30 12:00",419.75,7.631818,55,89,100.25695155
591,"2024-04-30 13:00",288.75,10.312500,28,61,64.68748815
592,"2024-04-30 14:00",306.45,9.885484,31,63,81.16523390
593,"2024-05-01 07:00",314.10,6.040385,52,65,76.87623750
594,"2024-05-01 08:00",455.35,7.717797,59,94,108.29616880
595,"2024-05-01 09:00",277.60,7.305263,38,60,70.03329080
596,"2024-05-01 10:00",300.00,9.090909,33,67,69.58705030
597,"2024-05-01 11:00",437.55,8.255660,53,90,108.14640905
598,"2024-05-01 12:00",403.85,8.241837,49,86,99.06947045
599,"2024-05-01 13:00",204.70,8.529167,24,42,49.62394995
600,"2024-05-01 14:00",229.95,8.516667,27,47,55.93943405
601,"2024-05-02 07:00",432.80,7.592982,57,85,116.03204925
602,"2024-05-02 08:00",486.00,8.836364,55,98,133.90968415
603,"2024-05-02 09:00",427.15,9.088298,47,86,103.19510060
604,"2024-05-02 10:00",330.05,7.858333,42,70,82.60336960
605,"2024-05-02 11:00",705.40,9.161039,77,150,178.30263700
606,"2024-05-02 12:00",486.80,7.851613,62,106,113.31649345
607,"2024-05-02 13:00",298.35,7.650000,39,64,71.69456625
608,"2024-05-02 14:00",353.95,7.865556,45,78,84.35318945
609,"2024-05-03 07:00",396.35,8.088776,49,83,100.03681185
610,"2024-05-03 08:00",474.55,8.628182,55,106,107.88298135
611,"2024-05-03 09:00",262.75,7.507143,35,50,69.55684810
612,"2024-05-03 10:00",299.35,8.315278,36,63,66.83289030
613,"2024-05-03 11:00",362.65,6.842453,53,79,93.81611015
614,"2024-05-03 12:00",462.65,9.843617,47,93,115.79197885
615,"2024-05-03 13:00",186.80,6.025806,31,43,40.95405850
616,"2024-05-03 14:00",208.90,7.203448,29,44,52.90617375
617,"2024-05-04 07:00",427.15,9.492222,45,84,120.19275775
618,"2024-05-04 08:00",378.75,8.416667,45,80,96.46782725
619,"2024-05-04 09:00",242.15,8.350000,29,47,67.62373730
620,"2024-05-04 10:00",226.30,8.082143,28,46,55.95858410
621,"2024-05-04 11:00",395.45,7.604808,52,83,92.87068030
622,"2024-05-04 12:00",371.45,7.429000,50,80,89.13509860
623,"2024-05-04 13:00",151.80,6.600000,23,29,41.74603490
624,"2024-05-04 14:00",173.65,7.550000,23,40,37.69315245
625,"2024-05-06 07:00",506.90,8.739655,58,98,133.79034125
626,"2024-05-06 08:00",469.90,8.391071,56,94,123.02346700
627,"2024-05-06 09:00",273.25,6.210227,44,69,62.48614540
628,"2024-05-06 10:00",348.05,7.734444,45,70,91.44426890
629,"2024-05-06 11:00",443.45,7.269672,61,93,100.38021865
630,"2024-05-06 12:00",437.85,7.177869,61,95,115.15447105
631,"2024-05-06 13:00",221.85,5.838158,38,50,49.72781225
632,"2024-05-06 14:00",289.60,8.044444,36,67,66.68029420
633,"2024-05-07 07:00",375.85,7.517000,50,77,94.03270155
634,"2024-05-07 08:00",471.35,9.064423,52,110,105.38354735
635,"2024-05-07 09:00",283.60,7.271795,39,62,65.43044505
636,"2024-05-07 10:00",289.90,7.835135,37,61,68.82745985
637,"2024-05-07 11:00",376.65,6.725893,56,83,81.94421375
638,"2024-05-07 12:00",549.35,9.155833,60,112,143.85558105
639,"2024-05-07 13:00",278.95,8.717188,32,62,64.72482525
640,"2024-05-07 14:00",265.75,8.304688,32,53,68.45832700
641,"2024-05-08 07:00",420.70,8.414000,50,84,101.88929255
642,"2024-05-08 08:00",352.85,7.201020,49,78,84.47981265
643,"2024-05-08 09:00",272.05,7.556944,36,55,68.66650365
644,"2024-05-08 10:00",255.40,8.238710,31,57,59.10168035
645,"2024-05-08 11:00",414.20,7.396429,56,88,97.51741075
646,"2024-05-08 12:00",439.80,9.162500,48,95,103.43017555
647,"2024-05-08 13:00",202.15,6.970690,29,42,50.77378020
648,"2024-05-08 14:00",181.80,7.272000,25,36,51.91087150
649,"2024-05-09 07:00",384.45,6.102381,63,81,91.93456270
650,"2024-05-09 08:00",501.75,8.092742,62,107,122.57839100
651,"2024-05-09 09:00",368.80,8.195556,45,81,83.13913855
652,"2024-05-09 10:00",361.85,7.237000,50,77,89.67424660
653,"2024-05-09 11:00",549.15,8.196269,67,113,132.55794385
654,"2024-05-09 12:00",563.10,8.404478,67,120,137.18230630
655,"2024-05-09 13:00",310.00,8.611111,36,62,74.79868215
656,"2024-05-09 14:00",328.20,8.205000,40,63,86.70654120
657,"2024-05-10 07:00",358.90,7.037255,51,82,86.42119010
658,"2024-05-10 08:00",379.45,7.297115,52,80,89.55543980
659,"2024-05-10 09:00",274.70,6.867500,40,57,69.79112075
660,"2024-05-10 10:00",356.85,8.703659,41,72,89.86030805
661,"2024-05-10 11:00",435.45,8.709000,50,96,103.10304945
662,"2024-05-10 12:00",371.35,7.281373,51,77,92.09805410
663,"2024-05-10 13:00",221.60,7.386667,30,45,62.77495450
664,"2024-05-10 14:00",229.65,7.918966,29,49,59.68982355
665,"2024-05-11 07:00",375.70,8.167391,46,80,86.14322500
666,"2024-05-11 08:00",368.20,8.004348,46,76,89.74453785
667,"2024-05-11 09:00",269.05,8.407813,32,56,66.28356480
668,"2024-05-11 10:00",270.75,9.025000,30,53,67.77935225
669,"2024-05-11 11:00",450.70,10.015556,45,92,102.61709090
670,"2024-05-11 12:00",383.00,8.704545,44,79,103.49575970
671,"2024-05-11 13:00",218.00,8.384615,26,47,58.15204570
672,"2024-05-11 14:00",230.95,9.238000,25,47,60.21059215
673,"2024-05-13 07:00",464.15,7.866949,59,98,117.90875615
674,"2024-05-13 08:00",381.05,7.471569,51,77,93.05751600
675,"2024-05-13 09:00",329.90,8.247500,40,70,80.90765030
676,"2024-05-13 10:00",276.15,7.463514,37,56,72.24994330
677,"2024-05-13 11:00",550.85,9.030328,61,123,131.12844155
678,"2024-05-13 12:00",508.55,8.475833,60,103,131.20661255
679,"2024-05-13 13:00",253.00,6.837838,37,57,58.92316510
680,"2024-05-13 14:00",440.25,8.984694,49,98,109.79936770
681,"2024-05-14 07:00",377.85,7.408824,51,75,103.42980980
682,"2024-05-14 08:00",496.90,9.743137,51,102,119.52988685
683,"2024-05-14 09:00",311.15,7.589024,41,69,77.99202440
684,"2024-05-14 10:00",361.70,9.518421,38,72,92.05875790
685,"2024-05-14 11:00",402.20,7.182143,56,84,98.49324895
686,"2024-05-14 12:00",462.75,8.899038,52,100,108.73033100
687,"2024-05-14 13:00",253.80,7.690909,33,52,64.11884385
688,"2024-05-14 14:00",201.95,7.479630,27,47,44.65101080
689,"2024-05-15 07:00",422.00,7.962264,53,90,94.00904145
690,"2024-05-15 08:00",422.35,8.447000,50,90,94.19419025
691,"2024-05-15 09:00",215.50,6.734375,32,44,54.26503975
692,"2024-05-15 10:00",269.10,7.688571,35,55,71.07041320
693,"2024-05-15 11:00",465.50,8.463636,55,94,125.42879220
694,"2024-05-15 12:00",439.30,7.987273,55,89,109.89751535
695,"2024-05-15 13:00",244.90,7.900000,31,52,69.25310375
696,"2024-05-15 14:00",166.65,6.172222,27,36,39.07463075
697,"2024-05-16 07:00",528.05,8.381746,63,112,123.95009470
698,"2024-05-16 08:00",523.85,8.587705,61,108,122.90348040
699,"2024-05-16 09:00",269.90,5.997778,45,57,67.50098750
700,"2024-05-16 10:00",420.10,7.638182,55,89,97.13559045
701,"2024-05-16 11:00",517.85,9.415455,55,108,126.25317650
702,"2024-05-16 12:00",545.10,8.791935,62,114,136.83599655
703,"2024-05-16 13:00",328.65,7.643023,43,68,83.43877060
704,"2024-05-16 14:00",259.50,6.653846,39,56,68.72748580
705,"2024-05-17 07:00",460.15,8.682075,53,97,115.47363245
706,"2024-05-17 08:00",428.05,8.561000,50,89,110.40612460
707,"2024-05-17 09:00",193.50,5.863636,33,41,46.61977650
708,"2024-05-17 10:00",276.15,7.670833,36,61,69.64675860
709,"2024-05-17 11:00",383.50,7.519608,51,84,94.25250470
710,"2024-05-17 12:00",357.15,7.288776,49,74,82.59950485
711,"2024-05-17 13:00",276.60,9.878571,28,65,69.38232505
712,"2024-05-17 14:00",263.65,8.239063,32,52,67.16729935
713,"2024-05-18 07:00",391.80,8.517391,46,86,96.64285175
714,"2024-05-18 08:00",407.30,8.854348,46,89,100.03416930
715,"2024-05-18 09:00",202.65,6.755000,30,44,45.62290320
716,"2024-05-18 10:00",178.55,6.376786,28,40,35.89302015
717,"2024-05-18 11:00",357.55,7.772826,46,70,99.24574150
718,"2024-05-18 12:00",389.50,8.655556,45,78,106.10407665
719,"2024-05-18 13:00",180.35,6.936538,26,40,39.01369755
720,"2024-05-18 14:00",213.75,8.221154,26,46,47.01492720
721,"2024-05-20 07:00",435.00,7.767857,56,92,109.47096270
722,"2024-05-20 08:00",473.55,7.892500,60,104,110.80980535
723,"2024-05-20 09:00",297.05,7.616667,39,59,78.93087280
724,"2024-05-20 10:00",261.15,6.217857,42,54,63.15924165
725,"2024-05-20 11:00",500.80,7.825000,64,100,130.72744190
726,"2024-05-20 12:00",572.75,8.678030,66,120,146.46913495
727,"2024-05-20 13:00",336.40,9.344444,36,66,86.45425530
728,"2024-05-20 14:00",315.70,9.285294,34,66,76.51604615
729,"2024-05-21 07:00",378.40,7.276923,52,79,88.78158620
730,"2024-05-21 08:00",340.60,7.246809,47,65,93.87365660
731,"2024-05-21 09:00",292.95,7.511538,39,62,71.68210115
732,"2024-05-21 10:00",227.10,6.308333,36,49,55.48531130
733,"2024-05-21 11:00",412.30,8.084314,51,85,99.66546280
734,"2024-05-21 12:00",390.10,7.802000,50,90,87.12248690
735,"2024-05-21 13:00",222.50,6.742424,33,52,50.59171460
736,"2024-05-21 14:00",242.50,7.578125,32,55,53.44068820
737,"2024-05-22 07:00",330.80,6.751020,49,72,80.45895495
738,"2024-05-22 08:00",430.75,8.615000,50,93,102.91037315
739,"2024-05-22 09:00",258.40,7.177778,36,56,62.80049165
740,"2024-05-22 10:00",241.25,7.095588,34,56,56.82406550
741,"2024-05-22 11:00",459.10,8.662264,53,93,116.39223445
742,"2024-05-22 12:00",365.70,6.772222,54,80,93.48381810
743,"2024-05-22 13:00",289.40,9.043750,32,63,68.95238910
744,"2024-05-22 14:00",216.25,6.975806,31,42,56.61187320
745,"2024-05-23 07:00",353.50,5.991525,59,80,77.54286440
746,"2024-05-23 08:00",465.35,7.887288,59,92,118.43129435
747,"2024-05-23 09:00",292.95,6.812791,43,61,77.06012255
748,"2024-05-23 10:00",367.00,7.489796,49,76,92.18075960
749,"2024-05-23 11:00",528.00,8.516129,62,106,121.88194795
750,"2024-05-23 12:00",504.15,7.877344,64,106,117.59642050
751,"2024-05-23 13:00",320.50,7.284091,44,65,79.03051710
752,"2024-05-23 14:00",377.35,7.861458,48,78,90.56567490
753,"2024-05-24 07:00",393.70,7.158182,55,86,99.68849245
754,"2024-05-24 08:00",399.15,8.145918,49,78,106.56249060
755,"2024-05-24 09:00",267.55,7.231081,37,59,70.43605520
756,"2024-05-24 10:00",257.65,7.361429,35,55,64.54931500
757,"2024-05-24 11:00",477.40,8.375439,57,99,122.68047350
758,"2024-05-24 12:00",421.10,7.798148,54,96,92.82045925
759,"2024-05-24 13:00",278.05,9.268333,30,62,68.74928485
760,"2024-05-24 14:00",268.10,8.648387,31,52,66.80242955
761,"2024-05-25 07:00",416.30,9.050000,46,82,104.50081685
762,"2024-05-25 08:00",425.80,9.462222,45,91,101.96161060
763,"2024-05-25 09:00",226.95,7.825862,29,49,55.16866400
764,"2024-05-25 10:00",227.20,8.114286,28,42,61.76111030
765,"2024-05-25 11:00",305.20,6.634783,46,65,72.61770985
766,"2024-05-25 12:00",277.35,6.303409,44,59,66.29280400
767,"2024-05-25 13:00",143.05,5.722000,25,30,32.46684820
768,"2024-05-25 14:00",176.40,7.056000,25,41,37.92862605
769,"2024-05-27 07:00",480.35,8.733636,55,99,117.63112750
770,"2024-05-27 08:00",458.10,8.643396,53,89,116.19638140
771,"2024-05-27 09:00",377.00,8.021277,47,78,93.42933050
772,"2024-05-27 10:00",478.55,9.766327,49,102,109.88944205
773,"2024-05-27 11:00",471.55,7.992373,59,96,119.10851215
774,"2024-05-27 12:00",499.45,8.187705,61,110,129.84194930
775,"2024-05-27 13:00",337.45,9.120270,37,74,79.89364765
776,"2024-05-27 14:00",284.35,6.770238,42,60,72.94703180
777,"2024-05-28 07:00",438.90,8.957143,49,91,109.07370700
778,"2024-05-28 08:00",358.35,7.026471,51,75,88.22166240
779,"2024-05-28 09:00",331.00,8.487179,39,67,87.88777225
780,"2024-05-28 10:00",299.25,8.087838,37,62,76.74504795
781,"2024-05-28 11:00",417.55,8.029808,52,87,96.06217220
782,"2024-05-28 12:00",452.75,9.055000,50,92,113.64847470
783,"2024-05-28 13:00",266.00,8.060606,33,55,73.68678010
784,"2024-05-28 14:00",252.65,8.712069,29,54,61.61430885
785,"2024-05-29 07:00",489.00,8.578947,57,105,120.13340335
786,"2024-05-29 08:00",434.60,8.869388,49,100,102.48009090
787,"2024-05-29 09:00",298.65,8.532857,35,61,75.89706705
788,"2024-05-29 10:00",274.35,8.573438,32,59,66.59468385
789,"2024-05-29 11:00",497.25,8.427966,59,107,126.16989060
790,"2024-05-29 12:00",462.60,8.260714,56,89,122.74308115
791,"2024-05-29 13:00",296.25,8.977273,33,60,77.05969910
792,"2024-05-29 14:00",262.60,8.470968,31,56,63.40380245
793,"2024-05-30 07:00",463.45,7.855085,59,93,116.03867030
794,"2024-05-30 08:00",492.90,8.080328,61,102,126.43424695
795,"2024-05-30 09:00",415.30,8.475510,49,87,110.95041890
796,"2024-05-30 10:00",331.20,7.702326,43,70,82.25594500
797,"2024-05-30 11:00",576.75,8.239286,70,115,147.52987380
798,"2024-05-30 12:00",492.85,7.823016,63,95,138.26208645
799,"2024-05-30 13:00",362.80,8.638095,42,70,96.14940685
800,"2024-05-30 14:00",370.65,8.423864,44,77,92.81048390
801,"2024-05-31 07:00",377.75,7.709184,49,86,88.13124405
802,"2024-05-31 08:00",353.15,7.357292,48,83,73.79901750
803,"2024-05-31 09:00",336.50,8.412500,40,66,89.18190945
804,"2024-05-31 10:00",317.35,8.351316,38,65,84.21339115
805,"2024-05-31 11:00",424.75,8.014151,53,91,101.00984230
806,"2024-05-31 12:00",366.70,7.483673,49,71,100.02172655
807,"2024-05-31 13:00",228.30,7.610000,30,50,60.21717610
808,"2024-05-31 14:00",199.45,8.310417,24,41,49.73099990
809,"2024-06-01 07:00",336.40,7.157447,47,71,81.45859610
810,"2024-06-01 08:00",354.65,7.709783,46,78,85.99511845
811,"2024-06-01 09:00",272.95,8.271212,33,60,66.17611665
812,"2024-06-01 10:00",201.10,6.487097,31,47,44.18642475
813,"2024-06-01 11:00",386.20,8.395652,46,74,106.02610775
814,"2024-06-01 12:00",292.85,6.655682,44,62,71.26686125
815,"2024-06-01 13:00",219.20,9.133333,24,49,49.40764830
816,"2024-06-01 14:00",179.25,7.793478,23,35,43.88379265
817,"2024-06-03 07:00",462.15,8.558333,54,97,109.48705435
818,"2024-06-03 08:00",573.35,9.247581,62,122,141.68740695
819,"2024-06-03 09:00",389.75,8.292553,47,79,102.45063485
820,"2024-06-03 10:00",399.55,8.501064,47,88,91.35542480
821,"2024-06-03 11:00",542.70,9.198305,59,117,130.63075255
822,"2024-06-03 12:00",434.35,7.361864,59,92,100.22055135
823,"2024-06-03 13:00",223.65,6.989063,32,49,57.22005320
824,"2024-06-03 14:00",295.60,7.038095,42,59,81.51591710
825,"2024-06-04 07:00",396.80,6.961404,57,80,114.46394250
826,"2024-06-04 08:00",455.40,8.592453,53,96,113.74164295
827,"2024-06-04 09:00",265.20,7.366667,36,54,73.32696650
828,"2024-06-04 10:00",257.20,7.793939,33,50,61.84831620
829,"2024-06-04 11:00",437.50,7.812500,56,91,107.26602375
830,"2024-06-04 12:00",509.20,9.984314,51,109,118.94824625
831,"2024-06-04 13:00",222.10,7.164516,31,47,56.29182060
832,"2024-06-04 14:00",290.50,9.370968,31,56,77.26708125
833,"2024-06-05 07:00",421.55,7.806481,54,91,97.13788740
834,"2024-06-05 08:00",480.75,10.015625,48,106,117.26279890
835,"2024-06-05 09:00",318.20,8.158974,39,68,76.32908725
836,"2024-06-05 10:00",341.70,9.762857,35,76,83.21412260
837,"2024-06-05 11:00",407.30,6.903390,59,84,98.88167170
838,"2024-06-05 12:00",476.90,8.670909,55,95,131.56879460
839,"2024-06-05 13:00",255.35,8.805172,29,54,64.42872985
840,"2024-06-05 14:00",216.35,7.460345,29,48,51.89136685
841,"2024-06-06 07:00",504.85,8.142742,62,107,119.17282560
842,"2024-06-06 08:00",523.95,8.186719,64,113,131.55857230
843,"2024-06-06 09:00",401.30,8.723913,46,82,100.74826740
844,"2024-06-06 10:00",297.80,6.336170,47,68,76.14485780
845,"2024-06-06 11:00",391.10,6.743103,58,84,91.68853350
846,"2024-06-06 12:00",508.45,8.335246,61,110,121.24904505
847,"2024-06-06 13:00",279.35,7.550000,37,59,74.74042755
848,"2024-06-06 14:00",291.15,7.278750,40,60,75.64855190
849,"2024-06-07 07:00",422.55,8.285294,51,86,103.84193150
850,"2024-06-07 08:00",407.60,7.278571,56,83,110.46947880
851,"2024-06-07 09:00",230.95,6.415278,36,47,57.72313860
852,"2024-06-07 10:00",291.60,8.576471,34,61,64.71484800
853,"2024-06-07 11:00",463.90,8.283929,56,99,118.70637945
854,"2024-06-07 12:00",371.50,7.430000,50,76,99.32798295
855,"2024-06-07 13:00",250.70,8.644828,29,52,61.88986125
856,"2024-06-07 14:00",248.20,8.558621,29,50,59.11684235
857,"2024-06-08 07:00",354.95,7.887778,45,74,85.00434320
858,"2024-06-08 08:00",346.10,7.865909,44,78,79.73468415
859,"2024-06-08 09:00",221.15,7.133871,31,50,47.68268330
860,"2024-06-08 10:00",369.60,12.320000,30,79,94.76192385
861,"2024-06-08 11:00",381.95,7.489216,51,78,100.18403720
862,"2024-06-08 12:00",389.20,7.784000,50,77,100.08973130
863,"2024-06-08 13:00",203.40,8.475000,24,44,51.24079390
864,"2024-06-08 14:00",203.65,8.854348,23,42,51.46355490
865,"2024-06-10 07:00",514.15,8.161111,63,106,130.59206990
866,"2024-06-10 08:00",578.70,9.486885,61,126,139.61003120
867,"2024-06-10 09:00",347.65,7.725556,45,72,86.59978945
868,"2024-06-10 10:00",349.80,8.745000,40,72,84.63735685
869,"2024-06-10 11:00",472.90,8.296491,57,98,127.55626575
870,"2024-06-10 12:00",473.90,7.898333,60,95,122.40703215
871,"2024-06-10 13:00",218.45,6.826563,32,49,54.43911160
872,"2024-06-10 14:00",258.80,7.394286,35,56,62.75260975
873,"2024-06-11 07:00",408.15,7.700943,53,90,94.46229310
874,"2024-06-11 08:00",461.75,7.961207,58,94,122.05547035
875,"2024-06-11 09:00",317.60,7.561905,42,66,78.72379720
876,"2024-06-11 10:00",232.75,6.465278,36,50,51.07002090
877,"2024-06-11 11:00",431.70,7.849091,55,95,103.04452705
878,"2024-06-11 12:00",437.00,8.740000,50,89,105.23731560
879,"2024-06-11 13:00",216.40,7.213333,30,52,46.25614270
880,"2024-06-11 14:00",289.40,8.511765,34,64,70.47352215
881,"2024-06-12 07:00",394.70,7.590385,52,85,94.71933895
882,"2024-06-12 08:00",424.25,8.658163,49,90,98.44765140
883,"2024-06-12 09:00",342.10,9.774286,35,71,86.61136305
884,"2024-06-12 10:00",223.10,6.760606,33,48,54.33582400
885,"2024-06-12 11:00",448.05,8.146364,55,91,114.44394755
886,"2024-06-12 12:00",429.10,8.251923,52,94,104.34567495
887,"2024-06-12 13:00",181.05,6.705556,27,41,42.74447805
888,"2024-06-12 14:00",192.90,7.419231,26,39,50.46291720
889,"2024-06-13 07:00",488.05,8.414655,58,102,114.83987260
890,"2024-06-13 08:00",499.60,7.456716,67,101,131.29813740
891,"2024-06-13 09:00",543.75,10.456731,52,114,140.60412495
892,"2024-06-13 10:00",432.05,8.817347,49,92,98.38849930
893,"2024-06-13 11:00",463.65,8.279464,56,96,118.90508790
894,"2024-06-13 12:00",467.45,8.499091,55,102,108.31670180
895,"2024-06-13 13:00",399.05,9.732927,41,83,98.41065120
896,"2024-06-13 14:00",289.90,6.741860,43,59,72.37780960
897,"2024-06-14 07:00",434.65,8.693000,50,89,106.91521145
898,"2024-06-14 08:00",443.15,8.863000,50,94,103.72554325
899,"2024-06-14 09:00",284.50,7.689189,37,56,69.14094345
900,"2024-06-14 10:00",302.45,8.641429,35,68,69.41784800
901,"2024-06-14 11:00",501.60,8.360000,60,104,127.41833770
902,"2024-06-14 12:00",578.15,10.511818,55,111,152.28791605
903,"2024-06-14 13:00",237.25,9.490000,25,43,69.80472215
904,"2024-06-14 14:00",284.70,8.627273,33,59,71.36741825
905,"2024-06-15 07:00",343.40,7.465217,46,73,74.95414660
906,"2024-06-15 08:00",409.35,8.898913,46,89,98.47568195
907,"2024-06-15 09:00",257.65,8.588333,30,50,62.76187960
908,"2024-06-15 10:00",244.80,8.441379,29,54,58.58665130
909,"2024-06-15 11:00",382.90,8.146809,47,76,103.34099350
910,"2024-06-15 12:00",382.75,8.320652,46,77,98.69210425
911,"2024-06-15 13:00",176.15,7.658696,23,34,45.12897005
912,"2024-06-15 14:00",128.70,5.850000,22,28,30.44926845
913,"2024-06-17 07:00",408.80,7.300000,56,83,104.38448095
914,"2024-06-17 08:00",472.05,8.429464,56,94,126.52911125
915,"2024-06-17 09:00",268.30,5.832609,46,60,65.10348355
916,"2024-06-17 10:00",324.55,8.540789,38,70,82.43389165
917,"2024-06-17 11:00",571.75,8.533582,67,123,141.15500675
918,"2024-06-17 12:00",561.50,8.257353,68,124,136.97474470
919,"2024-06-17 13:00",271.60,8.230303,33,53,69.25856950
920,"2024-06-17 14:00",231.15,6.798529,34,47,54.07267700
921,"2024-06-18 07:00",423.95,8.479000,50,92,106.84495900
922,"2024-06-18 08:00",456.10,9.308163,49,101,104.81487620
923,"2024-06-18 09:00",315.05,8.290789,38,66,80.84188165
924,"2024-06-18 10:00",261.40,7.688235,34,51,64.06998890
925,"2024-06-18 11:00",566.90,8.461194,67,118,136.14717545
926,"2024-06-18 12:00",474.15,8.780556,54,100,114.37186530
927,"2024-06-18 13:00",252.25,8.137097,31,55,64.43052980
928,"2024-06-18 14:00",176.25,5.507813,32,40,37.95687360
929,"2024-06-19 07:00",389.00,7.627451,51,78,99.50421515
930,"2024-06-19 08:00",415.00,8.300000,50,91,101.99065660
931,"2024-06-19 09:00",328.55,8.013415,41,68,84.00794425
932,"2024-06-19 10:00",208.00,5.621622,37,47,49.00978830
933,"2024-06-19 11:00",347.95,6.822549,51,79,87.11558905
934,"2024-06-19 12:00",384.15,8.351087,46,82,91.30633745
935,"2024-06-19 13:00",300.70,8.844118,34,65,70.12670910
936,"2024-06-19 14:00",220.90,8.181481,27,46,60.78517160
937,"2024-06-20 07:00",494.05,7.600769,65,105,119.97495135
938,"2024-06-20 08:00",483.65,7.440769,65,96,120.22429975
939,"2024-06-20 09:00",353.80,8.423810,42,76,86.18190815
940,"2024-06-20 10:00",347.00,8.261905,42,73,82.86821865
941,"2024-06-20 11:00",610.20,9.534375,64,126,156.40349630
942,"2024-06-20 12:00",548.55,8.187313,67,113,140.68228240
943,"2024-06-20 13:00",298.85,8.077027,37,55,80.41808335
944,"2024-06-20 14:00",438.60,8.951020,49,90,107.45035555
945,"2024-06-21 07:00",366.15,7.041346,52,76,98.07708195
946,"2024-06-21 08:00",339.05,6.781000,50,76,80.16244150
947,"2024-06-21 09:00",286.10,7.528947,38,66,68.27982560
948,"2024-06-21 10:00",252.25,7.419118,34,49,66.44822185
949,"2024-06-21 11:00",487.30,8.401724,58,102,120.83157785
950,"2024-06-21 12:00",383.45,7.234906,53,84,91.00779400
951,"2024-06-21 13:00",218.90,6.840625,32,50,50.33934700
952,"2024-06-21 14:00",177.05,6.323214,28,41,41.21577365
953,"2024-06-22 07:00",361.80,8.040000,45,70,102.66436220
954,"2024-06-22 08:00",319.20,7.254545,44,67,81.32597645
955,"2024-06-22 09:00",292.65,8.868182,33,58,76.95000025
956,"2024-06-22 10:00",260.85,8.151563,32,57,64.00961855
957,"2024-06-22 11:00",397.10,8.448936,47,91,98.13162495
958,"2024-06-22 12:00",437.30,9.717778,45,85,116.42295290
959,"2024-06-22 13:00",217.75,9.072917,24,47,47.57724810
960,"2024-06-22 14:00",165.20,7.182609,23,35,41.30663635
961,"2024-06-24 07:00",391.05,6.742241,58,87,90.59979005
962,"2024-06-24 08:00",451.40,7.280645,62,94,118.85908820
963,"2024-06-24 09:00",340.05,7.908140,43,73,80.14740985
964,"2024-06-24 10:00",407.45,9.260227,44,92,94.63195005
965,"2024-06-24 11:00",438.35,7.186066,61,88,108.29110865
966,"2024-06-24 12:00",538.30,8.971667,60,116,137.63758610
967,"2024-06-24 13:00",282.05,8.058571,35,60,63.00362660
968,"2024-06-24 14:00",216.25,6.553030,33,49,54.03271640
969,"2024-06-25 07:00",380.80,7.051852,54,82,93.46347795
970,"2024-06-25 08:00",391.25,7.984694,49,83,99.83111225
971,"2024-06-25 09:00",351.25,9.243421,38,70,88.50957530
972,"2024-06-25 10:00",302.10,7.552500,40,61,78.41109045
973,"2024-06-25 11:00",415.15,7.157759,58,91,100.92074510
974,"2024-06-25 12:00",434.85,7.247500,60,85,116.07633510
975,"2024-06-25 13:00",230.75,7.443548,31,50,56.64295605
976,"2024-06-25 14:00",187.25,7.490000,25,40,45.13693160
977,"2024-06-26 07:00",413.60,7.953846,52,93,97.05188355
978,"2024-06-26 08:00",363.95,6.739815,54,79,92.08554505
979,"2024-06-26 09:00",245.20,7.211765,34,51,60.36605490
980,"2024-06-26 10:00",293.05,8.619118,34,61,67.87839760
981,"2024-06-26 11:00",403.10,7.605660,53,82,103.97893115
982,"2024-06-26 12:00",434.50,8.690000,50,90,107.80885520
983,"2024-06-26 13:00",287.55,9.275806,31,64,70.79418265
984,"2024-06-26 14:00",235.85,8.735185,27,52,57.69633500
985,"2024-06-27 07:00",502.05,7.606818,66,105,126.01580705
986,"2024-06-27 08:00",457.95,7.507377,61,96,114.01107240
987,"2024-06-27 09:00",386.10,7.570588,51,87,94.38196985
988,"2024-06-27 10:00",375.00,8.522727,44,80,92.45904045
989,"2024-06-27 11:00",613.55,8.641549,71,128,153.52474405
990,"2024-06-27 12:00",532.40,8.318750,64,109,136.19273330
991,"2024-06-27 13:00",224.95,5.767949,39,46,57.00922330
992,"2024-06-27 14:00",323.75,7.194444,45,78,74.39861435
993,"2024-06-28 07:00",335.15,6.839796,49,72,76.99388010
994,"2024-06-28 08:00",332.90,6.793878,49,70,82.84062670
995,"2024-06-28 09:00",338.40,9.400000,36,72,85.19478745
996,"2024-06-28 10:00",307.85,7.893590,39,65,72.24187885
997,"2024-06-28 11:00",415.70,8.150980,51,85,97.90667710
998,"2024-06-28 12:00",466.05,8.322321,56,96,121.78607890
999,"2024-06-28 13:00",237.85,8.809259,27,52,57.05790500
1000,"2024-06-28 14:00",253.10,7.909375,32,54,63.52999455
1001,"2024-06-29 07:00",395.95,8.607609,46,82,103.96290805
1002,"2024-06-29 08:00",313.60,6.817391,46,65,84.87852990
1003,"2024-06-29 09:00",212.55,7.085000,30,44,53.72628885
1004,"2024-06-29 10:00",211.60,7.557143,28,48,51.47795390
1005,"2024-06-29 11:00",370.40,8.052174,46,75,90.64895400
1006,"2024-06-29 12:00",293.95,6.532222,45,61,73.02400735
1007,"2024-06-29 13:00",243.55,9.367308,26,52,59.70828580
1008,"2024-06-29 14:00",182.85,7.032692,26,42,39.00781490
1009,"2024-07-01 07:00",440.80,8.162963,54,95,106.30636320
1010,"2024-07-01 08:00",489.75,8.028689,61,102,124.42782765
1011,"2024-07-01 09:00",338.45,7.692045,44,69,85.41374140
1012,"2024-07-01 10:00",278.60,7.143590,39,60,65.30417410
1013,"2024-07-01 11:00",472.05,7.613710,62,97,112.16614955
1014,"2024-07-01 12:00",463.00,7.590164,61,97,114.13752745
1015,"2024-07-01 13:00",288.75,7.598684,38,62,68.00821885
1016,"2024-07-01 14:00",266.70,6.350000,42,60,61.11921980
1017,"2024-07-02 07:00",372.70,6.901852,54,79,94.57730480
1018,"2024-07-02 08:00",500.15,8.774561,57,117,113.92789815
1019,"2024-07-02 09:00",287.25,7.559211,38,64,67.06382795
1020,"2024-07-02 10:00",255.40,6.385000,40,55,60.22833150
1021,"2024-07-02 11:00",368.65,7.843617,47,76,94.47273615
1022,"2024-07-02 12:00",437.65,8.753000,50,91,112.78880850
1023,"2024-07-02 13:00",264.15,10.159615,26,54,64.48777100
1024,"2024-07-02 14:00",221.45,7.381667,30,48,55.73185730
1025,"2024-07-03 07:00",334.45,6.689000,50,74,78.84070005
1026,"2024-07-03 08:00",402.00,7.444444,54,82,105.24093820
1027,"2024-07-03 09:00",303.30,8.920588,34,64,77.75958435
1028,"2024-07-03 10:00",302.00,8.388889,36,61,74.28882085
1029,"2024-07-03 11:00",422.45,7.411404,57,89,108.81950255
1030,"2024-07-03 12:00",387.55,7.452885,52,89,90.30510615
1031,"2024-07-03 13:00",209.85,6.359091,33,50,47.71849410
1032,"2024-07-03 14:00",302.80,9.175758,33,55,86.00038530
1033,"2024-07-04 07:00",457.60,7.150000,64,97,108.74914090
1034,"2024-07-04 08:00",535.85,8.243846,65,120,129.48143875
1035,"2024-07-04 09:00",479.65,8.565179,56,104,118.02258735
1036,"2024-07-04 10:00",335.60,8.605128,39,69,82.31648455
1037,"2024-07-04 11:00",349.30,5.920339,59,79,87.20842755
1038,"2024-07-04 12:00",559.40,8.879365,63,115,135.33290640
1039,"2024-07-04 13:00",289.45,8.040278,36,62,72.07991095
1040,"2024-07-04 14:00",380.95,9.291463,41,81,93.60432950
1041,"2024-07-05 07:00",397.45,7.226364,55,83,102.97580750
1042,"2024-07-05 08:00",421.35,8.261765,51,92,104.54696755
1043,"2024-07-05 09:00",258.70,6.991892,37,49,72.14358705
1044,"2024-07-05 10:00",300.95,8.851471,34,65,75.91662930
1045,"2024-07-05 11:00",407.85,7.415455,55,94,99.13139555
1046,"2024-07-05 12:00",424.30,8.486000,50,89,105.21042520
1047,"2024-07-05 13:00",221.75,7.153226,31,50,50.89778585
1048,"2024-07-05 14:00",198.30,6.610000,30,43,45.56059160
1049,"2024-07-06 07:00",363.00,8.066667,45,80,82.68079295
1050,"2024-07-06 08:00",390.50,8.875000,44,80,94.09748730
1051,"2024-07-06 09:00",197.75,6.591667,30,43,47.56858225
1052,"2024-07-06 10:00",189.70,6.775000,28,38,49.85507965
1053,"2024-07-06 11:00",347.40,7.237500,48,74,91.69533825
1054,"2024-07-06 12:00",328.20,6.982979,47,68,83.94389955
1055,"2024-07-06 13:00",201.95,8.780435,23,41,60.64340360
1056,"2024-07-06 14:00",112.70,5.122727,22,25,24.72188825
1057,"2024-07-08 07:00",416.50,7.307018,57,86,98.67381595
1058,"2024-07-08 08:00",493.60,8.366102,59,99,127.27886315
1059,"2024-07-08 09:00",325.45,8.795946,37,66,82.94792445
1060,"2024-07-08 10:00",377.85,8.039362,47,77,98.45737295
1061,"2024-07-08 11:00",481.20,7.518750,64,101,117.45596420
1062,"2024-07-08 12:00",493.20,8.967273,55,100,120.58369780
1063,"2024-07-08 13:00",303.25,7.396341,41,70,69.42777510
1064,"2024-07-08 14:00",254.15,6.868919,37,57,59.47945685
1065,"2024-07-09 07:00",460.80,8.861538,52,96,118.94006225
1066,"2024-07-09 08:00",403.50,8.234694,49,92,98.48826250
1067,"2024-07-09 09:00",261.35,6.533750,40,54,64.15120615
1068,"2024-07-09 10:00",327.60,7.618605,43,66,78.28573330
1069,"2024-07-09 11:00",524.85,9.542727,55,112,129.37941325
1070,"2024-07-09 12:00",411.80,8.074510,51,86,105.26542845
1071,"2024-07-09 13:00",174.20,6.006897,29,36,44.44882890
1072,"2024-07-09 14:00",263.10,8.770000,30,54,60.58350160
1073,"2024-07-10 07:00",413.20,7.512727,55,88,95.15928745
1074,"2024-07-10 08:00",489.20,9.059259,54,92,139.55257440
1075,"2024-07-10 09:00",336.45,9.345833,36,69,85.64924780
1076,"2024-07-10 10:00",282.30,8.554545,33,59,65.98882890
1077,"2024-07-10 11:00",400.15,8.003000,50,88,90.85398550
1078,"2024-07-10 12:00",375.45,7.361765,51,75,105.20880490
1079,"2024-07-10 13:00",215.95,6.543939,33,48,54.36951745
1080,"2024-07-10 14:00",272.85,8.025000,34,56,69.14537960
1081,"2024-07-11 07:00",432.50,6.975806,62,95,103.07358705
1082,"2024-07-11 08:00",441.50,7.483051,59,89,120.60535560
1083,"2024-07-11 09:00",385.25,7.408654,52,88,98.08249020
1084,"2024-07-11 10:00",368.60,8.377273,44,76,91.31747290
1085,"2024-07-11 11:00",553.25,9.377119,59,118,137.84187320
1086,"2024-07-11 12:00",502.50,8.663793,58,102,128.19386685
1087,"2024-07-11 13:00",267.60,7.042105,38,59,72.46281155
1088,"2024-07-11 14:00",334.65,7.275000,46,75,80.15931985
1089,"2024-07-12 07:00",445.40,8.733333,51,93,111.86521830
1090,"2024-07-12 08:00",422.90,8.132692,52,92,98.13536125
1091,"2024-07-12 09:00",353.75,10.107143,35,74,82.18073920
1092,"2024-07-12 10:00",301.55,8.615714,35,66,74.35684880
1093,"2024-07-12 11:00",484.60,9.143396,53,102,114.03936600
1094,"2024-07-12 12:00",459.10,8.054386,57,91,117.88057935
1095,"2024-07-12 13:00",245.55,7.222059,34,54,60.45188910
1096,"2024-07-12 14:00",195.15,7.227778,27,41,42.82935215
1097,"2024-07-13 07:00",284.65,6.188043,46,63,61.05131975
1098,"2024-07-13 08:00",379.60,8.435556,45,78,99.58996875
1099,"2024-07-13 09:00",272.00,8.500000,32,55,71.07339915
1100,"2024-07-13 10:00",248.05,8.001613,31,49,61.15720615
1101,"2024-07-13 11:00",396.60,8.438298,47,80,104.20477970
1102,"2024-07-13 12:00",345.10,7.502174,46,72,87.62795000
1103,"2024-07-13 13:00",176.15,7.046000,25,38,41.94183060
1104,"2024-07-13 14:00",182.55,7.606250,24,38,43.40168070
1105,"2024-07-15 07:00",499.65,7.930952,63,98,130.09478270
1106,"2024-07-15 08:00",555.65,8.819841,63,120,143.41742605
1107,"2024-07-15 09:00",345.75,8.865385,39,75,77.53032795
1108,"2024-07-15 10:00",271.60,6.624390,41,58,66.16702855
1109,"2024-07-15 11:00",492.50,8.640351,57,100,127.00322695
1110,"2024-07-15 12:00",508.90,8.342623,61,104,125.67702585
1111,"2024-07-15 13:00",273.80,7.400000,37,58,68.92559585
1112,"2024-07-15 14:00",336.85,8.864474,38,68,84.11195200
1113,"2024-07-16 07:00",387.70,7.455769,52,81,100.82285510
1114,"2024-07-16 08:00",379.45,7.440196,51,76,97.19703260
1115,"2024-07-16 09:00",309.35,7.545122,41,63,76.14366365
1116,"2024-07-16 10:00",332.75,8.115854,41,66,87.03702775
1117,"2024-07-16 11:00",438.70,8.601961,51,85,118.14967620
1118,"2024-07-16 12:00",535.05,10.289423,52,117,120.43019180
1119,"2024-07-16 13:00",189.30,7.572000,25,42,46.32284160
1120,"2024-07-16 14:00",201.65,7.468519,27,40,53.91193830
1121,"2024-07-17 07:00",413.70,7.805660,53,90,97.09676010
1122,"2024-07-17 08:00",395.00,7.181818,55,80,100.14089040
1123,"2024-07-17 09:00",338.15,8.898684,38,69,87.11605130
1124,"2024-07-17 10:00",303.55,9.198485,33,64,75.10061705
1125,"2024-07-17 11:00",360.65,6.935577,52,79,90.91936150
1126,"2024-07-17 12:00",413.25,8.265000,50,88,104.99293745
1127,"2024-07-17 13:00",224.80,8.325926,27,47,51.49055030
1128,"2024-07-17 14:00",258.05,8.601667,30,53,66.91732075
1129,"2024-07-18 07:00",544.75,8.511719,64,111,139.90566065
1130,"2024-07-18 08:00",547.40,8.688889,63,126,130.04370290
1131,"2024-07-18 09:00",444.05,8.706863,51,84,119.40337030
1132,"2024-07-18 10:00",452.25,8.222727,55,92,115.14622605
1133,"2024-07-18 11:00",603.10,8.615714,70,125,150.21613920
1134,"2024-07-18 12:00",532.70,8.195385,65,115,135.14467670
1135,"2024-07-18 13:00",289.40,8.268571,35,58,72.62039825
1136,"2024-07-18 14:00",235.55,7.137879,33,40,69.45164190
1137,"2024-07-19 07:00",413.25,8.102941,51,83,104.12639555
1138,"2024-07-19 08:00",516.00,9.735849,53,104,133.47830135
1139,"2024-07-19 09:00",327.70,8.623684,38,67,84.51699530
1140,"2024-07-19 10:00",246.30,7.696875,32,47,65.41829275
1141,"2024-07-19 11:00",380.60,7.767347,49,85,88.57842740
1142,"2024-07-19 12:00",402.55,8.751087,46,84,106.89008880
1143,"2024-07-19 13:00",169.05,6.037500,28,39,38.09256860
1144,"2024-07-19 14:00",240.55,7.075000,34,49,57.75748105
1145,"2024-07-20 07:00",377.80,8.395556,45,78,91.59189360
1146,"2024-07-20 08:00",383.75,8.721591,44,86,93.00142555
1147,"2024-07-20 09:00",282.70,8.566667,33,55,77.44222575
1148,"2024-07-20 10:00",199.40,6.432258,31,46,47.04689620
1149,"2024-07-20 11:00",430.20,8.962500,48,93,101.83147550
1150,"2024-07-20 12:00",300.60,6.395745,47,66,68.06639035
1151,"2024-07-20 13:00",183.00,7.625000,24,39,43.38762750
1152,"2024-07-20 14:00",148.70,6.195833,24,33,32.11412480
1153,"2024-07-22 07:00",455.25,7.463115,61,98,100.42733020
1154,"2024-07-22 08:00",542.90,10.053704,54,111,132.70783350
1155,"2024-07-22 09:00",455.05,8.922549,51,101,112.02882270
1156,"2024-07-22 10:00",280.15,7.183333,39,59,67.31496860
1157,"2024-07-22 11:00",461.45,7.690833,60,100,115.24312905
1158,"2024-07-22 12:00",483.20,7.550000,64,102,118.91766740
1159,"2024-07-22 13:00",257.65,8.051563,32,58,52.16905725
1160,"2024-07-22 14:00",210.10,7.503571,28,43,49.46606545
1161,"2024-07-23 07:00",425.90,7.471930,57,91,100.31825925
1162,"2024-07-23 08:00",473.65,8.771296,54,95,124.88110765
1163,"2024-07-23 09:00",269.85,7.495833,36,57,63.49983770
1164,"2024-07-23 10:00",321.55,9.187143,35,67,76.90591945
1165,"2024-07-23 11:00",419.75,7.237069,58,90,104.59749005
1166,"2024-07-23 12:00",409.70,7.187719,57,82,101.84941980
1167,"2024-07-23 13:00",222.60,7.950000,28,46,61.66731680
1168,"2024-07-23 14:00",211.30,8.452000,25,46,56.21167970
1169,"2024-07-24 07:00",418.55,7.897170,53,87,106.13859990
1170,"2024-07-24 08:00",416.95,7.721296,54,87,106.74079315
1171,"2024-07-24 09:00",269.25,8.159091,33,55,70.34427325
1172,"2024-07-24 10:00",367.15,10.798529,34,81,83.00349300
1173,"2024-07-24 11:00",459.65,8.208036,56,100,109.44297675
1174,"2024-07-24 12:00",413.70,8.111765,51,86,104.59655670
1175,"2024-07-24 13:00",238.90,7.963333,30,51,61.72145865
1176,"2024-07-24 14:00",230.80,9.232000,25,44,56.44158360
1177,"2024-07-25 07:00",406.10,7.001724,58,84,95.99900440
1178,"2024-07-25 08:00",496.00,7.402985,67,104,126.57049225
1179,"2024-07-25 09:00",368.25,8.005435,46,76,91.34929355
1180,"2024-07-25 10:00",312.35,6.941111,45,64,81.18836675
1181,"2024-07-25 11:00",550.65,8.218657,67,123,121.35088520
1182,"2024-07-25 12:00",587.80,8.906061,66,120,154.68546450
1183,"2024-07-25 13:00",288.85,7.221250,40,59,71.36198305
1184,"2024-07-25 14:00",359.00,7.638298,47,72,93.13222455
1185,"2024-07-26 07:00",328.90,6.852083,48,72,70.07204730
1186,"2024-07-26 08:00",327.80,6.829167,48,64,86.20444840
1187,"2024-07-26 09:00",333.95,8.562821,39,67,83.32937670
1188,"2024-07-26 10:00",321.60,9.458824,34,69,81.58614915
1189,"2024-07-26 11:00",413.10,7.650000,54,91,94.26842760
1190,"2024-07-26 12:00",436.85,7.800893,56,89,103.63937695
1191,"2024-07-26 13:00",192.60,6.018750,32,40,52.56659340
1192,"2024-07-26 14:00",265.15,8.553226,31,55,66.83888965
1193,"2024-07-27 07:00",384.45,8.179787,47,83,93.89922610
1194,"2024-07-27 08:00",374.40,7.965957,47,77,93.61566655
1195,"2024-07-27 09:00",307.20,9.600000,32,67,71.69186160
1196,"2024-07-27 10:00",276.30,8.912903,31,56,74.07754065
1197,"2024-07-27 11:00",435.25,8.534314,51,96,104.18535200
1198,"2024-07-27 12:00",382.65,7.653000,50,83,93.37428665
1199,"2024-07-27 13:00",181.85,8.265909,22,38,45.48560750
1200,"2024-07-27 14:00",182.80,8.309091,22,37,48.12492335
1201,"2024-07-29 07:00",474.05,8.778704,54,99,115.26018410
1202,"2024-07-29 08:00",468.15,7.550806,62,105,109.16673440
1203,"2024-07-29 09:00",378.45,8.601136,44,77,92.87494785
1204,"2024-07-29 10:00",380.05,7.756122,49,84,94.15013630
1205,"2024-07-29 11:00",476.35,7.809016,61,100,122.08228020
1206,"2024-07-29 12:00",482.45,7.909016,61,105,122.69652390
1207,"2024-07-29 13:00",309.45,8.363514,37,68,72.36234925
1208,"2024-07-29 14:00",265.80,7.594286,35,58,65.04702340
1209,"2024-07-30 07:00",439.85,8.797000,50,89,113.20922445
1210,"2024-07-30 08:00",381.00,7.055556,54,76,100.67211215
1211,"2024-07-30 09:00",295.55,7.777632,38,63,72.36891265
1212,"2024-07-30 10:00",303.70,8.932353,34,71,67.47757080
1213,"2024-07-30 11:00",416.95,7.866981,53,79,112.88538955
1214,"2024-07-30 12:00",470.30,8.250877,57,97,121.72797785
1215,"2024-07-30 13:00",214.50,6.703125,32,42,55.29178100
1216,"2024-07-30 14:00",265.45,7.373611,36,59,60.01722560
1217,"2024-07-31 07:00",475.30,8.487500,56,102,119.95047360
1218,"2024-07-31 08:00",451.60,8.854902,51,92,106.36825210
1219,"2024-07-31 09:00",325.75,9.048611,36,71,81.31018580
1220,"2024-07-31 10:00",322.95,7.876829,41,63,81.61736400
1221,"2024-07-31 11:00",372.50,7.163462,52,77,94.20433275
1222,"2024-07-31 12:00",426.80,8.710204,49,88,103.48258030
1223,"2024-07-31 13:00",248.65,9.209259,27,49,62.10833115
1224,"2024-07-31 14:00",224.85,7.026563,32,54,50.52580190
1225,"2024-08-01 07:00",471.80,7.488889,63,105,114.59349935
1226,"2024-08-01 08:00",453.80,7.319355,62,92,118.19551700
1227,"2024-08-01 09:00",444.20,8.381132,53,92,106.17797140
1228,"2024-08-01 10:00",323.00,6.460000,50,73,77.75962255
1229,"2024-08-01 11:00",554.75,8.279851,67,114,140.78341550
1230,"2024-08-01 12:00",567.15,9.002381,63,121,131.66115810
1231,"2024-08-01 13:00",325.45,8.344872,39,65,85.59095160
1232,"2024-08-01 14:00",312.45,8.222368,38,65,82.86968520
1233,"2024-08-02 07:00",411.50,7.764151,53,86,102.28656170
1234,"2024-08-02 08:00",445.85,8.574038,52,93,112.12850710
1235,"2024-08-02 09:00",315.70,7.700000,41,65,78.30487895
1236,"2024-08-02 10:00",308.65,7.528049,41,71,69.29913685
1237,"2024-08-02 11:00",442.90,8.201852,54,91,117.34726060
1238,"2024-08-02 12:00",448.05,8.616346,52,91,110.04391655
1239,"2024-08-02 13:00",205.60,8.224000,25,45,48.47223420
1240,"2024-08-02 14:00",220.95,7.891071,28,44,57.79102890
1241,"2024-08-03 07:00",328.55,7.301111,45,75,81.76488105
1242,"2024-08-03 08:00",358.70,7.971111,45,74,95.51143330
1243,"2024-08-03 09:00",290.00,8.787879,33,66,64.28985095
1244,"2024-08-03 10:00",237.55,7.662903,31,48,63.48439670
1245,"2024-08-03 11:00",387.10,8.415217,46,86,85.63008915
1246,"2024-08-03 12:00",317.00,7.204545,44,71,75.62259585
1247,"2024-08-03 13:00",179.25,7.170000,25,37,44.80238560
1248,"2024-08-03 14:00",190.05,7.602000,25,42,42.77786820
1249,"2024-08-05 07:00",520.60,8.823729,59,113,127.62784170
1250,"2024-08-05 08:00",562.55,9.222131,61,110,145.44890060
1251,"2024-08-05 09:00",310.10,7.383333,42,68,70.69322010
1252,"2024-08-05 10:00",375.75,8.350000,45,74,100.44881565
1253,"2024-08-05 11:00",453.75,8.102679,56,92,110.48266545
1254,"2024-08-05 12:00",410.10,7.594444,54,86,101.88386915
1255,"2024-08-05 13:00",333.40,9.525714,35,70,82.67806915
1256,"2024-08-05 14:00",355.90,8.088636,44,79,91.85476420
